{"cameraMode":{"drawMode":0,"name":"Shaded","section":"Shading Mode"},"sceneLighting":false,"audioPlay":false,"sceneViewState":{"showFog":true,"showMaterialUpdate":false,"showSkybox":true,"showFlares":true,"showImageEffects":true,"showParticleSystems":true},"in2DMode":false,"pivot":{"x":100.89999389648438,"y":293.5899963378906,"z":25.299999237060548},"rotation":{"x":0.010676747187972069,"y":-0.9861007332801819,"z":0.15054725110530854,"w":0.06992975622415543},"size":81.39410400390625,"orthographic":false}